[
  {
    "id": "1769610555052",
    "brandName": "Кодовая",
    "style": "Минимализм",
    "primaryGoal": "site",
    "assets": {
      "logoUrl": "https://placehold.co/600x400/000000/FFFFFF/png?text=%D0%9A%D0%BE%D0%B4%D0%BE%D0%B2%D0%B0%D1%8F",
      "palette": [
        "#000000",
        "#FFFFFF",
        "#F1F5F9",
        "#64748B"
      ],
      "fonts": {
        "primary": "Inter",
        "secondary": "Roboto"
      }
    },
    "history": [
      {
        "id": "1769610555052",
        "assets": {
          "logoUrl": "https://placehold.co/600x400/000000/FFFFFF/png?text=%D0%9A%D0%BE%D0%B4%D0%BE%D0%B2%D0%B0%D1%8F",
          "palette": [
            "#000000",
            "#FFFFFF",
            "#F1F5F9",
            "#64748B"
          ],
          "fonts": {
            "primary": "Inter",
            "secondary": "Roboto"
          }
        },
        "createdAt": "2026-01-28T14:29:15.052Z",
        "label": "Первая генерация"
      }
    ],
    "createdAt": "2026-01-28T14:29:15.052Z"
  }
]